ac_no,constituency,district,predicted,confidence,DMK_ALLIANCE,AIADMK_NDA,TVK,NTK,OTHERS,vs_DMK_ALLIANCE,vs_AIADMK_NDA,vs_TVK,vs_NTK,vs_OTHERS
1,Gummidipoondi,Tiruvallur,DMK_ALLIANCE,0.9990223248799642,0.9990223248799642,1.2819615783346391e-05,0.00035452965387153024,1.5245046704838824e-06,0.0006088102716000064,0.4829178663591544,0.33954044366255404,0.07525087357927683,0.03042156919033935,0.07186926144956943
2,Ponneri,Tiruvallur,DMK_ALLIANCE,0.9160003205140431,0.9160003205140431,2.659553282820341e-05,0.08381355255612151,0.00012016075435466456,3.937679044300186e-05,0.47092615999281406,0.33884342877815166,0.12630921819686308,0.036111077336159765,0.027810113328057183
3,Tiruttani,Tiruvallur,DMK_ALLIANCE,0.9819615801175435,0.9819615801175435,6.282507328683686e-07,0.01803635731020363,1.3318736581534574e-06,1.0601316246872012e-07,0.5418184785793225,0.2744016472211418,0.12210847301757895,0.03075235698221127,0.030919032227878538
4,Thiruvallur,Tiruvallur,DMK_ALLIANCE,0.9999963521957398,0.9999963521957398,3.4087760526594285e-06,2.3686808828811074e-07,8.4238505733898e-09,1.4803074086164168e-08,0.4075451593846083,0.41844136466582615,0.08819859847331296,0.030093453373122733,0.05572142126624898
5,Poonamallee,Tiruvallur,DMK_ALLIANCE,0.9297779998431603,0.9297779998431603,2.4182016393823128e-05,0.07009868427181344,1.3193493863429556e-05,8.593798640543658e-05,0.4355470990141233,0.37152238519241415,0.07861367513267035,0.060979804805687605,0.05333703522007151
6,Avadi,Tiruvallur,DMK_ALLIANCE,0.99999893506368,0.99999893506368,7.538312588942672e-08,9.935081209461717e-07,1.6541896351818484e-09,4.349593417729266e-09,0.5248981406291325,0.3006359160179272,0.09305752176982716,0.027340181986576298,0.05406824646311937
7,Maduravoyal,Tiruvallur,DMK_ALLIANCE,0.9998290419578553,0.9998290419578553,2.3542811173804237e-06,0.00011964644843830579,4.242557538030422e-05,6.5528277330904384e-06,0.3898328870534897,0.33255146716255696,0.1899918320330708,0.04211715306111804,0.04550666769972279
8,Ambattur,Tiruvallur,DMK_ALLIANCE,0.9995469570159912,0.9995469570159912,4.5916820328496427e-07,0.0004121151779642775,2.1605243522553648e-05,1.885314611381362e-05,0.4124306003252665,0.31332949950980643,0.18556640314875494,0.040694751724848405,0.047978741100457495
9,Madavaram,Tiruvallur,DMK_ALLIANCE,0.9999997456868489,0.9999997456868489,2.5485176823081276e-07,5.7780534057780205e-09,3.054076982628259e-09,2.8689871563767928e-09,0.4375442128628492,0.3916732998564839,0.07201617540391289,0.029205158218073162,0.06956116105360859
10,Thiruvottiyur,Tiruvallur,DMK_ALLIANCE,0.9999943812688191,0.9999943812688191,7.805065157160546e-07,1.996274199426209e-07,4.398119309865166e-06,2.524227950076514e-07,0.4961462656656901,0.34034817029411596,0.06979829238325692,0.02242739246569001,0.07127989675227013
11,Dr. Radhakrishnan Nagar,Chennai,DMK_ALLIANCE,0.994049088160197,0.994049088160197,3.943143583673501e-08,0.0059442377222383306,1.025507428232607e-06,5.632371070258008e-06,0.4517708669106166,0.3861219994723797,0.09654001504163716,0.02730227575337768,0.038264854728413414
12,Perambur,Chennai,DMK_ALLIANCE,0.9999383449554443,0.9999383449554443,2.838421656431106e-06,5.7798777861096354e-05,1.5164983709068224e-07,8.839184130415912e-07,0.49774286448955535,0.3591408778447658,0.07981604217591724,0.024176739027578976,0.039123473116757165
13,Kolathur,Chennai,DMK_ALLIANCE,0.9999977668126424,0.9999977668126424,3.065234860545483e-07,1.6305361046754764e-06,3.052587927641014e-07,3.991127824579792e-09,0.4308434035629034,0.4185446967681249,0.08106132271644052,0.025642100994083195,0.04390845916926386
14,Villivakkam,Chennai,DMK_ALLIANCE,0.9999994198481242,0.9999994198481242,7.753991358291443e-09,2.452037208444825e-08,5.318263896419484e-07,1.6881234616751704e-08,0.489643349746863,0.36271049032608665,0.07935146670542205,0.023805296452663546,0.04448937937898829
15,Thiru-Vi-Ka-Nagar,Chennai,DMK_ALLIANCE,0.9999945322672527,0.9999945322672527,1.6668639621524617e-06,3.489344174758738e-06,9.093570283834859e-08,2.30538079738962e-07,0.46477868457635246,0.3443315178155899,0.11301860169195663,0.029325640016888775,0.04854554396242037
16,Egmore,Chennai,DMK_ALLIANCE,0.9999750932057698,0.9999750932057698,6.753178334580537e-06,3.6513983679240808e-06,1.4453873875386521e-05,6.089209362572672e-08,0.4163350691397985,0.3877417931954066,0.11584967245130808,0.027664651640148936,0.052408798096970105
17,Royapuram,Chennai,DMK_ALLIANCE,0.9999219417572022,0.9999219417572022,4.1993038394921e-08,7.369769660836075e-05,6.711745709811175e-07,3.67349935365263e-06,0.4784837603569031,0.2938437185580066,0.1516318062109726,0.031949299216333674,0.04409142535641532
18,Harbour,Chennai,DMK_ALLIANCE,0.9999995867411295,0.9999995867411295,8.310765863185152e-08,2.920534739862104e-07,1.751732882141284e-08,3.460158908829087e-08,0.5363971968491872,0.29808321719368297,0.1032538532029245,0.02646091209560494,0.03580484309149057
19,Chepauk-Thiruvallikeni,Chennai,DMK_ALLIANCE,0.9999998410542806,0.9999998410542806,5.252841105473689e-08,3.75917870989493e-08,1.8292571324717365e-08,6.226396501908525e-08,0.45573512812455497,0.40246925082368157,0.07309513990677867,0.02658562765702636,0.042114858844676445
20,Thousand Lights,Chennai,DMK_ALLIANCE,0.9999969561894735,0.9999969561894735,2.046538555680912e-06,8.436680367339983e-07,5.56515710167405e-08,1.0693421951440142e-07,0.5700464417537053,0.29200107861931124,0.07988624148996072,0.023979261065441192,0.03408700071874857
21,Anna Nagar,Chennai,DMK_ALLIANCE,0.999996813138326,0.999996813138326,8.362789411166001e-09,2.0858756895385615e-07,2.7916151679448667e-06,1.9338524528580988e-07,0.4950781412422657,0.34800471315781273,0.08404668253274229,0.02464180439772292,0.04822869069596436
22,Virugampakkam,Chennai,DMK_ALLIANCE,0.9999972343444824,0.9999972343444824,2.899852878296922e-07,9.885694790870687e-07,4.1195808755899403e-07,1.0810336533273762e-06,0.3967348744471868,0.44503477464119595,0.09522893989216547,0.023427785688404392,0.039573639214086145
23,Saidapet,Chennai,DMK_ALLIANCE,0.9999987602233886,0.9999987602233886,4.482642141616932e-09,9.805054111938274e-08,1.1357596826627028e-06,1.7512210118441523e-08,0.46099043960372604,0.38920503531893097,0.0782232435560014,0.02411990569635236,0.04746137757942961
24,Thiyagarayanagar,Chennai,DMK_ALLIANCE,0.9999933322270711,0.9999933322270711,2.8965434205267743e-07,8.355009850932956e-07,3.1825207604235397e-06,2.3676855461551486e-06,0.4015438174906497,0.4390312165021896,0.0992013601846122,0.022484051014659202,0.037739554649522236
25,Mylapore,Chennai,DMK_ALLIANCE,0.9997821768124898,0.9997821768124898,4.0467576120446907e-07,0.00019112254390490465,1.1003583079935669e-05,1.5289920179463133e-05,0.4542409360408783,0.31056412362183133,0.16357392834802173,0.027951653076403696,0.043669378665864164
26,Velachery,Chennai,DMK_ALLIANCE,0.999976122379303,0.999976122379303,7.969808283748847e-07,4.831947065742366e-06,1.7377109825822752e-05,8.835790133432746e-07,0.35490284276505313,0.4422042310237885,0.12447408122840595,0.04176389147760347,0.036654961680318364
27,Sholinganallur,Chengalpattu,DMK_ALLIANCE,0.9751081864039103,0.9751081864039103,2.536885374783813e-06,0.024885817226940866,1.8390637325098537e-06,1.627143323721692e-06,0.5488878736893336,0.2939659525329868,0.08227553953919606,0.026090222987146854,0.04878041070135168
28,Alandur,Kancheepuram,DMK_ALLIANCE,0.999431049823761,0.999431049823761,6.591979172554316e-05,0.00043330084941115845,2.3033084765235602e-06,6.744226386524093e-05,0.504535099864006,0.32479991962512333,0.09278935207418423,0.023296749738363324,0.05457887344204148
29,Sriperumbudur,Kancheepuram,DMK_ALLIANCE,0.895582432229033,0.895582432229033,0.0001372967030375899,0.10290945354349884,0.0010196638061532805,0.000351161163969431,0.40575749597822625,0.3357796122229653,0.19048091431419986,0.03509167301755269,0.03289033104652598
30,Pallavaram,Chengalpattu,DMK_ALLIANCE,0.9499496539433797,0.9499496539433797,3.043463890507923e-07,0.05004949577160957,2.261926786639336e-07,3.1796793339495087e-07,0.5401197237273058,0.2952622962208504,0.08214128209890342,0.03273574552857547,0.04974096069143196
31,Tambaram,Chengalpattu,DMK_ALLIANCE,0.9631532549858093,0.9631532549858093,6.192878455269028e-07,0.03684530864982176,4.3667792778699744e-07,3.8549127177778583e-07,0.5363530424733957,0.30139707343575234,0.08552406755530531,0.030519976676289865,0.04620581699540054
32,Chengalpattu,Chengalpattu,DMK_ALLIANCE,0.8695589816197753,0.8695589816197753,6.459185277273374e-08,0.13044050865378876,2.520729817913334e-07,1.9571956182066103e-07,0.5396335463970899,0.28670080192193076,0.08465121598922565,0.028200002943424913,0.06081442536075367
33,Thiruporur,Chengalpattu,DMK_ALLIANCE,0.5459385327951056,0.5459385327951056,0.053365663775024934,0.38717473010115583,0.00014459370443272045,0.013376490603100864,0.4149796009063721,0.35841105816264945,0.12633611904063097,0.04418447089839302,0.056088745900877514
34,Cheyyur,Chengalpattu,TVK,0.8188557281411097,0.18024421156634846,0.00042806012991962325,0.8188557281411097,0.00047184136959877294,1.5221379840839513e-07,0.37719773799180983,0.24144191595260053,0.32699969951063396,0.03182640188024379,0.022534250934571294
35,Madurantakam,Chengalpattu,AIADMK_NDA,0.9905160625775655,0.0006310555298401851,0.9905160625775655,0.008852659585759315,1.6450248715395797e-07,5.256815830482338e-08,0.34270100967648126,0.49032824536164604,0.08014161632409014,0.049373780491684255,0.03745534076976279
36,Uthiramerur,Kancheepuram,DMK_ALLIANCE,0.9790481090545654,0.9790481090545654,0.008156192110527268,0.012670047223725186,3.3236482088162884e-06,0.0001223250553958097,0.5174755332060158,0.317135118941466,0.07905543536265516,0.04093954284848754,0.045394355483373755
37,Kancheepuram,Kancheepuram,DMK_ALLIANCE,0.9972875515619913,0.9972875515619913,1.3492506150605719e-05,0.0026983691909931154,5.351065638185977e-07,4.653730339744407e-08,0.5458990135540565,0.32501135060253245,0.0627481241504332,0.028183526857869387,0.038157980499878855
38,Arakkonam,Ranipet,AIADMK_NDA,0.9999205390612285,7.857675742216163e-05,0.9999205390612285,2.1591897728563927e-08,8.583536688073987e-07,2.2200388885018707e-08,0.33306903143723804,0.5076421101888021,0.07526071282534304,0.0375190743182795,0.046509089220042675
39,Sholingur,Ranipet,DMK_ALLIANCE,0.9748133937517802,0.9748133937517802,0.014918500921590605,0.0012078554425863574,0.008860860437474619,0.00019938704244642803,0.4423267329732577,0.378456070573795,0.06810206872029691,0.06289152965875489,0.0482235991613796
40,Katpadi,Vellore,DMK_ALLIANCE,0.9997710704803466,0.9997710704803466,1.6955851059753784e-05,0.00017039534033708317,6.595641724324362e-07,4.091526925079623e-05,0.401797106427451,0.45443911105394363,0.057152412449916784,0.041293769395800456,0.04531761646637733
41,Ranipet,Ranipet,DMK_ALLIANCE,0.9983283559481303,0.9983283559481303,0.0003766883175831556,0.0012909717128300525,3.7819655278422226e-06,2.045685619875894e-07,0.5074836532274882,0.3011057156509196,0.08206882721315385,0.023730808635338628,0.08561099995216258
42,Arcot,Ranipet,DMK_ALLIANCE,0.9963165799776713,0.9963165799776713,0.003474703480026292,8.111761870379636e-05,0.00012711532010987816,4.978719797511784e-07,0.4537112901608149,0.37214695866191505,0.07435538973659277,0.026568448751545758,0.07321791537378886
43,Vellore,Vellore,DMK_ALLIANCE,0.9998632510503133,0.9998632510503133,4.729721596915044e-06,2.1037756634096098e-05,1.2084139136580261e-06,0.00010977295785218627,0.4103016346693039,0.4458537364999453,0.05963835684441013,0.042269199741895136,0.04193708114752705
44,Anaikattu,Vellore,DMK_ALLIANCE,0.9993884086608886,0.9993884086608886,0.00010290892514939235,0.00044028346372928715,1.4774863433746157e-06,6.69206923538215e-05,0.4333644243578116,0.4204141587018967,0.06160057288076738,0.03968325590611054,0.044937593306137086
45,Kilvaithinankuppam,Vellore,AIADMK_NDA,0.9999977827072144,1.3657759746290416e-06,0.9999977827072144,8.452311728063611e-07,6.087494852634016e-09,8.588865580524329e-09,0.325007189437747,0.4261343079308669,0.08548148561755416,0.08742499727250674,0.0759520291653774
46,Gudiyattam,Vellore,DMK_ALLIANCE,0.7705225039302604,0.7705225039302604,0.0001059099325905986,0.16315421872503555,2.264314721139067e-06,0.0662151291701103,0.3538090942737957,0.3985660324494044,0.1469494077609852,0.05517887021249148,0.045496597747076824
47,Vaniyambadi,Tirupattur,AIADMK_NDA,0.9998714923858643,5.635109128906624e-06,0.9998714923858643,9.654598544535715e-10,0.00012276127339431832,1.1056859560063453e-07,0.29150936709096037,0.5597668402517836,0.06815921691365172,0.03773401677273114,0.042830580204273855
48,Ambur,Tirupattur,DMK_ALLIANCE,0.9275197905488313,0.9275197905488313,0.0531540491327582,0.0066408854700840975,0.012655419857896128,2.9869811305101586e-05,0.3681598105390246,0.3865715409318606,0.10881297929833332,0.04576487581319834,0.09069077021558769
49,Jolarpet,Tirupattur,DMK_ALLIANCE,0.9449691484371822,0.9449691484371822,0.046705009774037444,0.0027654632531983244,0.005556084858868649,4.287835104860484e-06,0.3621182156105836,0.43941589345534643,0.08418773502344265,0.04523476817232298,0.06904339519760469
50,Tirupattur,Tirupattur,DMK_ALLIANCE,0.9988181034723917,0.9988181034723917,4.603662540822224e-05,3.0384719919324227e-05,0.0010987909304289133,6.680622341773418e-06,0.419873079781731,0.4353847846388817,0.05819326597823723,0.03998159388103583,0.04656728670904613
51,Uthangarai,Krishnagiri,AIADMK_NDA,0.9999962091445923,4.506228562542437e-09,0.9999962091445923,3.783572597864302e-06,2.959486026268328e-09,6.499876415737008e-09,0.26254748705153663,0.5946931938330332,0.07093553465480605,0.04529251212993586,0.02653129988765007
52,Bargur,Krishnagiri,DMK_ALLIANCE,0.9430892248948415,0.9430892248948415,0.00042484219837696165,0.006055214715179265,0.0002819266653024545,0.05014879946817837,0.3625288672124346,0.4641419563442469,0.04553366488917945,0.04517010198079454,0.08262539289846131
53,Krishnagiri,Krishnagiri,AIADMK_NDA,0.9999999602635702,3.237132636646279e-08,0.9999999602635702,1.2888781862646924e-12,3.519217578673326e-09,8.572499953666849e-09,0.36464765382309755,0.4807825048764547,0.06698606102533328,0.05242846689467342,0.03515533003440699
54,Veppanahalli,Krishnagiri,AIADMK_NDA,0.9999999761581421,1.4476747879850109e-08,0.9999999761581421,1.9619356728269694e-12,4.868305467137982e-09,8.093701393622769e-09,0.38133869307736556,0.45998241466780504,0.0672675665060524,0.056279107027300296,0.035132231521098824
55,Hosur,Krishnagiri,DMK_ALLIANCE,0.9310302180044042,0.9310302180044042,2.0674099604816015e-05,0.0022971465876273187,1.6421672894615344e-05,0.06663554778520252,0.3250086653356751,0.5001955126024161,0.07070386315402478,0.035320341686542044,0.06877161760849156
56,Thalli,Krishnagiri,DMK_ALLIANCE,0.863586101680994,0.863586101680994,0.1360875044164392,0.0002588443373151205,2.031545819939495e-05,4.72313034604622e-05,0.5337042704224586,0.2688171244847278,0.0877069160885488,0.06723135087598658,0.04254034199208642
57,Palacode,Dharmapuri,AIADMK_NDA,1.0,5.034138402967881e-10,1.0,2.1765123415890616e-09,2.8956008687219743e-09,1.312092495744956e-09,0.41699957934518656,0.4499353926628828,0.06677055583321968,0.03217498688992843,0.03411948454390045
58,Pennagaram,Dharmapuri,AIADMK_NDA,0.9999936024347941,6.343823724884934e-06,0.9999936024347941,1.3438579329311329e-08,2.922776764712292e-08,1.0571619633273578e-08,0.4356742896605283,0.4371166376474624,0.05425127331618569,0.04004640989545199,0.03291138328215514
59,Dharmapuri,Dharmapuri,AIADMK_NDA,0.9999981800715129,1.7293185421326933e-06,0.9999981800715129,3.393192273014142e-10,8.547689425921563e-08,1.3761011488604831e-08,0.42049717356761296,0.4485520174105962,0.07155822019831248,0.028514493296243396,0.03087808879344817
60,Pappireddippatti,Dharmapuri,AIADMK_NDA,0.9999975283940633,2.398231595544177e-06,0.9999975283940633,5.019913462257497e-08,8.18792526964351e-09,1.783556543393288e-08,0.3858573272824287,0.4829840953151385,0.05730553711764515,0.04098045448754419,0.03287258733222795
61,Harur,Dharmapuri,AIADMK_NDA,0.9999992529551188,1.8924640121813248e-07,0.9999992529551188,5.56497655591609e-07,5.647522733519396e-09,8.254360179348532e-09,0.33089958718046547,0.5295475741227468,0.05504095739488548,0.044327961377820205,0.040183913804745924
62,Chengam,Tiruvannamalai,DMK_ALLIANCE,0.9378921275337537,0.9378921275337537,1.7212685852774685e-06,0.06210538261257783,2.772327588399409e-07,4.796101489836431e-07,0.4974743572374185,0.3383930617943406,0.09505990775271964,0.03709256696400251,0.031980092296232596
63,Tiruvannamalai,Tiruvannamalai,DMK_ALLIANCE,0.9999557813008626,0.9999557813008626,3.599664513270204e-08,4.0837070000498096e-05,3.3527375571884096e-06,2.2742728086850034e-09,0.4332447155068318,0.47064312564422534,0.04650904610027021,0.0190934456377598,0.030509685866907905
64,Kilpennathur,Tiruvannamalai,DMK_ALLIANCE,0.9999586820602417,0.9999586820602417,2.983190385527304e-05,5.810360577118881e-07,7.029016149708435e-08,1.0846640463609794e-05,0.4305365803341071,0.4302341351285577,0.053149962514089565,0.04103963655059033,0.04503965980970861
65,Kalasapakkam,Tiruvannamalai,DMK_ALLIANCE,0.8450868348280589,0.8450868348280589,1.2951311968304971e-06,0.14296118709499492,7.802509358001415e-05,0.011872668786409853,0.5234757110476493,0.32198248704274496,0.08192878482902112,0.03559418051930644,0.037018848556512295
66,Polur,Tiruvannamalai,AIADMK_NDA,0.9999992926915486,6.935143858497891e-07,0.9999992926915486,2.280505329329314e-10,1.3458587582924042e-08,3.815612716287184e-09,0.41016788966953754,0.3976590269555648,0.09398323742755868,0.053223538626550965,0.04496630833334241
67,Arani,Tiruvannamalai,AIADMK_NDA,0.9999998887379964,1.1836466415028245e-07,0.9999998887379964,1.5723604085834374e-09,1.7507324221890897e-09,2.260979788909729e-09,0.3645929793516795,0.47923682183027266,0.06728968023784318,0.04225802734507056,0.04662249347891626
68,Cheyyar,Tiruvannamalai,DMK_ALLIANCE,0.9543065428733826,0.9543065428733826,9.379665370523824e-06,0.04036436306597937,5.456134422741495e-05,0.0052651703186326814,0.538713968048493,0.30438821148127315,0.08369681184543272,0.031003910545764294,0.04219709220130501
69,Vandavasi,Tiruvannamalai,DMK_ALLIANCE,0.9999047875404358,0.9999047875404358,7.576478711532815e-06,1.991041760642207e-05,6.694591386276471e-05,7.668319034174058e-07,0.4180758148431778,0.4089132050673167,0.057794870152338265,0.037885232182725305,0.0773308694258579
70,Gingee,Viluppuram,DMK_ALLIANCE,0.9998114585876465,0.9998114585876465,0.00018033851550682806,4.989253937408983e-06,2.8933400168050385e-06,3.2878117221421656e-07,0.5640850265820821,0.30632981744905313,0.06702704664236686,0.030852344122619495,0.03170575698133285
71,Mailam,Viluppuram,AIADMK_NDA,0.9999998331069946,6.397652368809359e-08,0.9999998331069946,5.230042848248543e-08,5.3746228815118384e-08,1.088748287082721e-08,0.33968594292528,0.4700288971265157,0.12905226655687632,0.02792156249497566,0.033311344926084986
72,Tindivanam,Viluppuram,AIADMK_NDA,0.9999954382578532,4.222082631594686e-06,0.9999954382578532,2.812245500091316e-07,1.4398631902425281e-08,5.4184443025199604e-08,0.4263083313902219,0.440047150850296,0.07381935407756827,0.02917606614248598,0.030649075609775877
73,Vanur,Viluppuram,AIADMK_NDA,0.999983008702596,1.447594968805976e-05,0.999983008702596,2.3976026700425785e-06,3.3626954802055087e-08,7.015300143150778e-08,0.3335971478993694,0.5340371012687684,0.045137435699507476,0.05674114281664752,0.03048716741155033
74,Viluppuram,Viluppuram,DMK_ALLIANCE,0.8956012517213822,0.8956012517213822,0.008356632407142772,0.09478308670924247,0.0006757941754575575,0.0005832517432167136,0.510586221019427,0.32355820202877417,0.0960256145830499,0.02964192214403738,0.040188023897701444
75,Vikravandi,Viluppuram,DMK_ALLIANCE,0.9950058897336324,0.9950058897336324,0.0014359830537909696,0.0033531944986433413,5.1300550195813585e-05,0.00015362454746010434,0.5275765170653661,0.28967801844119095,0.10573661318665017,0.029074649640406847,0.04793418830389176
76,Tirukkoyilur,Viluppuram,DMK_ALLIANCE,0.9999922593434651,0.9999922593434651,6.60079628817673e-06,3.6480983508769923e-07,7.695754820786172e-07,2.9651982413184585e-08,0.46977777741849425,0.42644349332355586,0.06353145668545039,0.016894365610416174,0.02335293527109267
77,Ulundurpettai,Kallakurichi,DMK_ALLIANCE,0.9275662139058113,0.9275662139058113,0.005247135852164927,0.06662518110076635,0.000156473861961759,0.00040502658273388107,0.4761705269416173,0.31800215852757296,0.070131124156372,0.05429172442570301,0.08140446735105893
78,Rishivandiyam,Kallakurichi,DMK_ALLIANCE,0.93500963250796,0.93500963250796,0.017696231762845138,0.04728851329799389,3.572712413121772e-06,2.0420335040650116e-06,0.4836301932732264,0.33571426942944527,0.07726206113707121,0.04864372062037508,0.05474975833045688
79,Sankarapuram,Kallakurichi,DMK_ALLIANCE,0.9824106454849243,0.9824106454849243,0.0010289740732930637,0.016553992328092845,4.4786664309118195e-06,1.9256199373407195e-06,0.5316087995966275,0.2925265664855639,0.08857113153014022,0.038504212557743736,0.04878928058558195
80,Kallakurichi,Kallakurichi,AIADMK_NDA,0.9999938805898031,1.918906233300375e-06,0.9999938805898031,4.074983610816426e-06,2.99414167756894e-08,8.815841785862539e-08,0.36405571674307186,0.4387191027402878,0.08712650313197325,0.054475794963908204,0.055622887725864226
81,Gangavalli,Salem,AIADMK_NDA,0.9999999205271403,2.4200154380511997e-09,0.9999999205271403,7.979830525105018e-08,3.0733854126630425e-09,1.7805622075399781e-09,0.3639851408700148,0.49760253379742303,0.08454330597135898,0.028659349478715172,0.025209672076623887
82,Attur,Salem,AIADMK_NDA,0.9999993562698364,4.974530681410373e-09,0.9999993562698364,6.741293401622425e-08,5.728364050196752e-07,2.985604873071778e-09,0.3703964162617922,0.4659401963154475,0.08612864980241283,0.045964901874491204,0.03156983940921236
83,Yercaud,Salem,AIADMK_NDA,0.9999963601430257,3.463766196547238e-06,0.9999963601430257,3.396798834010909e-08,1.3784011656981007e-07,8.390531242744601e-09,0.34670214330156646,0.47672021749118965,0.11688467496343265,0.027531418753210347,0.03216153928175724
84,Omalur,Salem,AIADMK_NDA,0.9999999761581421,7.880217081086966e-10,0.9999999761581421,1.378703403163779e-08,1.6986643516532805e-09,1.0908528280611625e-08,0.3580017061283191,0.44209288532535235,0.09320375876268372,0.03360878025026371,0.07309289623514512
85,Mettur,Salem,AIADMK_NDA,0.9999997774759929,1.18844910551494e-08,0.9999997774759929,1.0210152558312893e-09,1.9579902782951346e-07,1.2073608526745066e-08,0.422707380556191,0.4258593008543054,0.08948288115401132,0.02636176972787173,0.035588681924002684
86,Edappadi,Salem,AIADMK_NDA,0.9999999443689982,3.5528085035273704e-08,0.9999999443689982,1.4398056822000417e-09,1.0923317980649893e-08,1.5977700962042624e-08,0.3179177810748418,0.487144602338473,0.131959049248447,0.03457655165087393,0.028401994231583908
87,Sankari,Salem,AIADMK_NDA,0.9999997615814209,1.9868133576605307e-09,0.9999997615814209,3.0863685349704326e-09,2.3863024876922224e-07,2.7193984688218764e-09,0.3430793712148443,0.4893608927726746,0.10762066275347024,0.028097777133977313,0.03184131376650233
88,Salem West,Salem,AIADMK_NDA,0.9999999205271403,2.015438739919099e-08,0.9999999205271403,8.916752033567559e-10,5.0018329284286333e-08,1.1073052327125328e-08,0.40129814284543197,0.4406527375181516,0.09131747126909127,0.026907887146253272,0.03982374641346003
89,Salem North,Salem,DMK_ALLIANCE,0.9982829570770264,0.9982829570770264,4.0146965603998904e-05,0.0016406655649731704,3.567590740510748e-05,5.46617013768959e-07,0.5259840418895085,0.32407004948472606,0.07604299799325721,0.038777965171239465,0.0351249447146832
90,Salem South,Salem,AIADMK_NDA,0.9999999682108561,4.8534941840750205e-09,0.9999999682108561,2.4425277390782956e-08,4.4254309969565486e-09,2.2461740164585826e-09,0.3369474299252033,0.5104681859413783,0.09761803918542379,0.023247376786176232,0.031718984579183505
91,Veerapandi,Salem,AIADMK_NDA,0.9999999920527141,1.3133090757444973e-09,0.9999999920527141,1.071837974429259e-08,4.108178040784208e-09,1.8229292292998988e-09,0.4015368158618609,0.4518922900160154,0.08887444925494492,0.02308231367320938,0.03461412884337183
92,Rasipuram,Namakkal,TVK,0.8558141205207698,0.13183797333609562,0.012345979484535505,0.8558141205207698,1.9329285275414133e-06,7.917251890559295e-09,0.37742162564148507,0.13732452133172046,0.41290403936679165,0.022560428440814274,0.04978939188149146
93,Senthamangalam,Namakkal,DMK_ALLIANCE,0.5897490505810613,0.5897490505810613,0.09789318676659908,0.3122588126814385,9.456980561519772e-05,4.390020957456265e-06,0.3635670386448813,0.4587975710630417,0.10520947599628319,0.025849971517026425,0.04657600088806551
94,Namakkal,Namakkal,TVK,0.5302826772426071,0.46955425792960337,0.00015758124373254829,0.5302826772426071,5.426857299667518e-06,7.749160235238389e-08,0.3816784590482712,0.2619409979941944,0.2799205670133233,0.03453471422847845,0.04192527646470504
95,Paramathi-Velur,Namakkal,AIADMK_NDA,0.9999995787938436,4.0707171206441725e-07,0.9999995787938436,4.745358396596761e-09,1.6344217839715506e-09,4.553290545600095e-09,0.38562980567415556,0.44249400552362206,0.07206942975365867,0.0420249102088538,0.057781836268137945
96,Tiruchengodu,Namakkal,TVK,0.5413804832653644,0.4583321221699768,0.00027299788224197823,0.5413804832653644,1.4054804851562841e-05,3.3554243149342107e-07,0.4162689063077172,0.26866787299125766,0.2222117812683185,0.030312558139588455,0.06253889156893516
97,Kumarapalayam,Namakkal,AIADMK_NDA,0.9999988238016765,2.5226136481602263e-07,0.9999988238016765,8.911165133673299e-07,1.0993072644074633e-08,1.1816508777202988e-08,0.35326142857472104,0.47732381224632264,0.08003806437676152,0.04003905417497056,0.04933764915743571
98,Erode East,Erode,DMK_ALLIANCE,0.8918642335881789,0.8918642335881789,0.04917446645452669,0.058775739079885723,0.0001427439272540391,4.281532810058636e-05,0.4088323657711347,0.4199146833270788,0.07099508122191764,0.055895858844936204,0.044362006670538294
99,Erode West,Erode,DMK_ALLIANCE,0.8796120984906641,0.8796120984906641,1.2349455276402639e-05,0.12036646171631724,6.43154060658394e-08,9.020479701970161e-06,0.4114687105640769,0.4628372783462206,0.05748533227257819,0.029399132472462952,0.038809550274451494
100,Modakkurichi,Erode,AIADMK_NDA,0.9998774806658427,8.290884904953196e-08,0.9998774806658427,0.00012243573163569244,6.41704498880383e-09,5.028028159140998e-09,0.3867495507001877,0.3873184324086954,0.0977192219288554,0.03337598163586032,0.09483680679998846
101,Dharapuram,Tiruppur,DMK_ALLIANCE,0.6096886637775848,0.6096886637775848,2.6009366114192766e-05,0.3899833686367705,0.00029544658875387296,6.506759764041173e-06,0.4060161645213763,0.39148524834696824,0.13133191852599946,0.026980478776217964,0.044186190006750316
102,Kangayam,Tiruppur,TVK,0.8590014971947918,0.14075807671602109,0.0001193857681106741,0.8590014971947918,1.2829418694039524e-05,0.0001082244665778094,0.28316166705141466,0.2140119723121946,0.47787371194378164,0.011478011982884102,0.013474653076367814
103,Perundurai,Erode,AIADMK_NDA,0.9999999920527141,2.1809227609261175e-09,0.9999999920527141,3.923137575364704e-09,5.305540612086342e-09,1.8772916268799904e-09,0.35612944861253104,0.4168990409001708,0.0998470781565023,0.07937095121664393,0.04775353067853037
104,Bhavani,Erode,AIADMK_NDA,1.0,2.963665847528933e-09,1.0,1.6766740967014014e-09,3.3844996214412832e-09,2.47102858280512e-09,0.35828576038281124,0.39881089913348355,0.10520853128449138,0.08870894444175974,0.0489858660674751
105,Anthiyur,Erode,DMK_ALLIANCE,0.8583187864031061,0.8583187864031061,4.165683555650221e-05,0.14163729373915926,1.9373517416208934e-07,2.1039932401598594e-06,0.46160911962700385,0.39839744120836257,0.07022594440107545,0.025707472703652458,0.044060016777560426
106,Gobichettipalayam,Erode,AIADMK_NDA,0.9999997615814209,2.326923781593272e-09,0.9999997615814209,2.3402656783854539e-07,8.251654670305087e-09,2.1310152184284215e-09,0.31938091199845076,0.4523125596344471,0.11350000267848373,0.048413728951709346,0.06639279790688306
107,Bhavanisagar,Erode,AIADMK_NDA,0.9990177075068156,4.400317550221602e-07,0.9990177075068156,0.0009818310613910356,1.7699806323179314e-08,1.2619245169749339e-08,0.2937482844417294,0.5501309692859649,0.07383792877141483,0.05031257274974147,0.03197026359882026
108,Udhagamandalam,The Nilgiris,DMK_ALLIANCE,0.9430008659760157,0.9430008659760157,0.0002216308185131585,0.0022239939228055655,0.05451730944344433,3.621069026467417e-05,0.48811692496140796,0.30665515931905246,0.12119840067736429,0.03334296357020321,0.0506865400153174
109,Gudalur,The Nilgiris,AIADMK_NDA,0.9999847769737243,1.1938910722064712e-06,0.9999847769737243,1.1546570861070047e-05,2.453957664042298e-06,3.932678158916649e-08,0.40366835047801336,0.4088439494371414,0.06802033028156984,0.05322148149673647,0.06624588679296721
110,Coonoor,The Nilgiris,DMK_ALLIANCE,0.8932826153468341,0.8932826153468341,1.9155454438161447e-05,0.10619753422553471,9.832858891281393e-06,0.0004908653560412827,0.3810977814363772,0.4471221650329729,0.10160157653081114,0.02999038533717003,0.040188068700005415
111,Mettuppalayam,Coimbatore,AIADMK_NDA,0.9999998490015666,5.459212350830757e-09,0.9999998490015666,1.6897008912103816e-10,1.528486546554151e-07,1.828249401294875e-09,0.3364800858000914,0.49257504343986513,0.0976172095358379,0.020592675074390797,0.05273499886369374
112,Avanashi,Tiruppur,AIADMK_NDA,0.9999999284744263,1.7613365310379277e-09,0.9999999284744263,5.4181158440956026e-08,1.560664872327664e-08,2.22305631716519e-09,0.2701045473416646,0.5693877836068472,0.09048415536160519,0.029559561089567882,0.04046394853176404
113,Tiruppur North,Tiruppur,AIADMK_NDA,0.9999997615814209,1.1981556961074185e-07,0.9999997615814209,6.774726363667746e-08,1.71023871998781e-08,4.122708604115378e-08,0.33433751137151074,0.4874910021821658,0.11215352560526905,0.03532566462892343,0.030692272736511466
114,Tiruppur South,Tiruppur,TVK,0.5703603908648354,0.42746947693430853,0.0012308789394078095,0.5703603908648354,5.296866729504646e-05,0.0008862792303963892,0.358574679911059,0.34311435161313664,0.2281885668679024,0.02620877677072065,0.04391361669636164
115,Palladam,Tiruppur,AIADMK_NDA,0.9999999920527141,2.2287237695889527e-10,0.9999999920527141,3.80997825595345e-10,8.879368649131535e-09,1.2703954629142246e-09,0.32949822649825367,0.46413029034932457,0.1297401385277226,0.028599823202630208,0.04803153746018628
116,Sulur,Coimbatore,AIADMK_NDA,0.9999999523162841,9.972535178048173e-09,0.9999999523162841,4.5557881543030637e-10,3.999288771828292e-08,1.94610706237773e-09,0.2665019307285547,0.5181988875071207,0.0899981636980859,0.03521051337406789,0.09009048401555143
117,Kavundampalayam,Coimbatore,AIADMK_NDA,0.9999998807907104,1.5707554359176763e-09,0.9999998807907104,1.2017026447625262e-11,1.1813233139981405e-07,2.258638401038679e-09,0.3111485347151756,0.514266179005305,0.09878490691511009,0.020378042230144958,0.05542233817042567
118,Coimbatore North,Coimbatore,AIADMK_NDA,0.9999998569488525,1.1732036996784408e-09,0.9999998569488525,9.684374910984879e-12,1.3969518188948473e-07,4.1684384589603005e-09,0.3118319102252523,0.5037244910995166,0.10233264076377964,0.021007929559361763,0.06110303938063832
119,Thondamuthur,Coimbatore,AIADMK_NDA,0.9999999046325684,2.8632712291599357e-08,0.9999999046325684,3.3597903185290244e-08,5.481433434468012e-09,4.1004135132769544e-08,0.29231220089131965,0.49548062682151794,0.11936210927863916,0.04860749297934352,0.04423758501786021
120,Coimbatore South,Coimbatore,AIADMK_NDA,0.915485696370403,0.07922023875298272,0.915485696370403,0.00045848784798970313,0.004673999388057759,0.00016158644912236562,0.2542875129419068,0.4456654578447342,0.06099356589838863,0.03205265655936576,0.20700080768874612
121,Singanallur,Coimbatore,AIADMK_NDA,0.9999993801116943,8.659894245668648e-10,0.9999993801116943,4.225618882871477e-12,6.073424109308025e-07,1.709839962513322e-08,0.30984120642145474,0.49451501071453097,0.0888448576782442,0.03291633854212813,0.07388256895780311
122,Kinathukadavu,Coimbatore,AIADMK_NDA,0.9999997615814209,2.0367722266920783e-09,0.9999997615814209,2.0005397807285238e-11,2.39095194542569e-07,1.68633922242785e-09,0.31113068635265034,0.5170289436976115,0.0976022699365179,0.020202933666013608,0.054035177639040435
123,Pollachi,Coimbatore,AIADMK_NDA,0.9999998490015666,4.856483892607642e-09,0.9999998490015666,2.513153554097559e-10,1.5393161854891866e-07,1.7334708998548185e-09,0.35564513492087524,0.47107288042704265,0.09907749339360332,0.02086442292645,0.0533400877079013
124,Valparai,Coimbatore,AIADMK_NDA,0.9999991734822591,4.992727529958238e-07,0.9999991734822591,1.0828211895038908e-07,2.1775753943142067e-07,1.5055049992855645e-08,0.37938492000102997,0.48389492531617484,0.06397161271105081,0.03270339884920903,0.04004514030190573
125,Udumalaipettai,Tiruppur,AIADMK_NDA,0.9999997774759929,4.9724715011130265e-09,0.9999997774759929,2.269365680537349e-07,1.3196444225350268e-09,2.9789531239674897e-09,0.4086187134186427,0.3923798544953267,0.09516715639523075,0.042876051511717604,0.060958218150849085
126,Madathukulam,Tiruppur,AIADMK_NDA,0.999999221165975,6.314496812466092e-07,0.999999221165975,1.3853287266510112e-07,1.6272997276658783e-08,1.0490089303147216e-09,0.3806313715254267,0.40912464012702304,0.11218932448658354,0.03648015720073919,0.06157452870566307
127,Palani,Dindigul,DMK_ALLIANCE,0.9728326916694641,0.9728326916694641,1.9694201252338097e-06,0.02715957378079126,5.182314644681989e-06,5.925111308885441e-07,0.5094407623012861,0.32642777541574713,0.05178613410438023,0.040696844773265184,0.07164849527671321
128,Oddanchatram,Dindigul,DMK_ALLIANCE,0.9338325386246046,0.9338325386246046,3.3728029677662827e-06,0.06613287773330098,2.4875845326402364e-05,6.349512592989789e-06,0.49388715674479805,0.31383643733958405,0.06772927356068977,0.042664856238191835,0.08188227367225712
129,Athoor,Dindigul,DMK_ALLIANCE,0.9150412131100893,0.9150412131100893,0.0006691925005660751,0.06640815877357768,0.017880250882275465,1.1867767652284286e-06,0.5366701851288478,0.3353985248332416,0.049304438466592986,0.03544019769371693,0.04318665827491562
130,Nilakkottai,Dindigul,AIADMK_NDA,0.9999992847442627,2.0832566594575044e-07,0.9999992847442627,4.40800062020536e-09,4.974894517294523e-07,6.008458631310099e-09,0.30013311728835107,0.530806589126587,0.07722007957017922,0.0533144663267731,0.03852574318451794
131,Natham,Dindigul,AIADMK_NDA,0.9999975363413492,1.0050440456228799e-08,0.9999975363413492,1.3022166086144246e-11,2.448386473280295e-06,5.218795821309625e-09,0.30516495400418836,0.4872254341840744,0.09816028218835224,0.06120908041101671,0.04824025614229968
132,Dindigul,Dindigul,AIADMK_NDA,0.9999989986419677,9.804168890780657e-07,0.9999989986419677,5.992002032409454e-10,9.056739509644277e-09,1.5569441440153263e-08,0.3331220251896108,0.4768386205037435,0.05945657570288555,0.04471696750886733,0.08586581280919627
133,Vedasandur,Dindigul,DMK_ALLIANCE,0.9108470394198472,0.9108470394198472,0.00016494830444699875,0.08837043801536378,0.00023176402774199148,0.00038581442134357776,0.44213044047355654,0.33184029993911585,0.12914917810533855,0.034724356982557464,0.06215575379854101
134,Aravakurichi,Karur,DMK_ALLIANCE,0.6821400710050468,0.6821400710050468,0.00013489556379725658,0.3176383035582132,1.744044217632083e-06,8.500729959762605e-05,0.46742937755188907,0.38015190909306207,0.08000049451967571,0.0331443006098804,0.03927393340783644
135,Karur,Karur,DMK_ALLIANCE,0.593674897513212,0.593674897513212,0.00016857477013187814,0.40607552242856926,7.995368147953578e-05,1.050465332857752e-06,0.39832719763120017,0.38959507644176483,0.13750011139394094,0.030378733002241157,0.044198892056950476
136,Krishnarayapuram,Karur,TVK,0.8640061393933138,0.1359817346144307,9.17189739209853e-06,0.8640061393933138,1.0264382887767728e-07,2.8549009401371063e-06,0.4409319769901534,0.16355407238006592,0.34611323837695335,0.02882232753640892,0.02057841719074342
137,Kulithalai,Karur,DMK_ALLIANCE,0.7451490092415516,0.7451490092415516,1.75696949730612e-06,0.2547319367193673,0.00011175161184608002,5.553397603521421e-06,0.39464147041241326,0.34901700012463455,0.16917247547923278,0.03571928013613312,0.05144976660885732
138,Manapparai,Tiruchirappalli,DMK_ALLIANCE,0.9359433228770891,0.9359433228770891,7.805970006954203e-05,0.06050741648262377,0.0026119328742575834,0.0008592760372012149,0.48256631766756375,0.27753136632964015,0.11286360949355488,0.03377726744564977,0.09326146965404405
139,Srirangam,Tiruchirappalli,DMK_ALLIANCE,0.9988676150639851,0.9988676150639851,2.6638518373499843e-07,0.001127733724034096,3.0325615670172325e-06,1.3623954045533822e-06,0.5204638769229253,0.3416737017726215,0.05068817706002544,0.03175506949799001,0.05541917710264291
140,Tiruchirappalli West,Tiruchirappalli,DMK_ALLIANCE,0.9999979813893636,0.9999979813893636,2.0159931959114183e-07,2.8509149908921814e-07,1.1532340696747076e-07,1.423633301932376e-06,0.5227057715257009,0.3394000165426405,0.06380301680394117,0.02383325576333132,0.05025794918671238
141,Tiruchirappalli East,Tiruchirappalli,DMK_ALLIANCE,0.9284997959931691,0.9284997959931691,3.0437605293005317e-05,0.03171462580171767,0.0008911974022197701,0.03886394005121801,0.5386453658342362,0.30287950673761466,0.061332804707732676,0.054491821891061436,0.04265048093888879
142,Thiruverumbur,Tiruchirappalli,DMK_ALLIANCE,0.9999966939290365,0.9999966939290365,9.252534204333979e-08,7.38250110153639e-08,2.9279910554973723e-08,3.1089603555985644e-06,0.5590995997190475,0.2860520244500852,0.07741127791696734,0.02425854085273514,0.05317854776454709
143,Lalgudi,Tiruchirappalli,DMK_ALLIANCE,0.9999974409739176,0.9999974409739176,1.420453669224523e-08,7.342735996522138e-07,1.2596523062038052e-06,5.506936008835894e-07,0.605094646414121,0.24974462305617634,0.07391526422517623,0.02965413221043473,0.04159133062520747
144,Manachanallur,Tiruchirappalli,DMK_ALLIANCE,0.9506475706895192,0.9506475706895192,3.4230304457093236e-07,0.049342300766783385,9.38332672813439e-06,4.222498948296329e-07,0.47243931094805397,0.3460472086754938,0.07653468270242834,0.04060223685007192,0.0643765620110571
145,Musiri,Tiruchirappalli,DMK_ALLIANCE,0.930939401841412,0.930939401841412,5.648972774021284e-06,0.0674276384155417,0.0008922489732696139,0.0007350675483256214,0.4677432746315996,0.34903242339690527,0.08806508655349414,0.04074200600759923,0.05441717970131113
146,Thuraiyur,Tiruchirappalli,DMK_ALLIANCE,0.9095431781684359,0.9095431781684359,2.864881672452992e-06,0.09040760499610187,3.352294887638565e-05,1.2841796954363803e-05,0.5718052049477895,0.22014988422961324,0.13696666456138093,0.032558337889670004,0.038519910780329764
147,Perambalur,Perambalur,DMK_ALLIANCE,0.9415642460187276,0.9415642460187276,0.0013798967596677174,0.05667894279083459,9.195591370767689e-07,0.00037600637160429407,0.4906966240455707,0.39759532585740087,0.0641739379370847,0.02537700834314034,0.022157120971825015
148,Kunnam,Perambalur,DMK_ALLIANCE,0.9560732483863831,0.9560732483863831,0.0006638568116788027,0.04199529679389924,1.4610553467409532e-07,0.0012674436496341094,0.5557564343015353,0.3204044175644716,0.06573816584661168,0.028645855513202475,0.029455123507151862
149,Ariyalur,Ariyalur,DMK_ALLIANCE,0.8845713173349699,0.8845713173349699,0.06423955746554125,0.00013564406929950781,0.00044646509545450487,0.0506070360700354,0.5160386460522811,0.3301272963484128,0.04371250397161622,0.04717468619978127,0.06294687634192468
150,Jayankondam,Ariyalur,DMK_ALLIANCE,0.9303426963587602,0.9303426963587602,0.014506186506921715,0.00247720469000689,0.04726569737656013,0.005408210823294405,0.5144344106316566,0.30452221079419056,0.07025438247704491,0.05245765679618821,0.05833137582385319
151,Tittakudi,Cuddalore,DMK_ALLIANCE,0.9998340408007304,0.9998340408007304,1.9422556878561966e-05,0.00014632129044261425,1.1796586568380705e-07,1.033600629822917e-07,0.438903083683302,0.4200453015975654,0.07581643545660578,0.02503166087683629,0.04020350359245033
152,Vriddhachalam,Cuddalore,DMK_ALLIANCE,0.9666141549746196,0.9666141549746196,0.0006038473150437162,0.03158383362193869,0.0006337811640304788,0.0005643963097177964,0.3830024611745709,0.47616629442200065,0.040204533798775324,0.06993797594180519,0.030688682756832956
153,Neyveli,Cuddalore,DMK_ALLIANCE,0.9999792496363322,0.9999792496363322,1.1027900129676746e-05,1.009546894747543e-06,5.997815378703974e-06,2.7288875945171673e-06,0.3738070630778869,0.5062772138044238,0.04580968022395003,0.03881521060156956,0.0352908041060194
154,Panruti,Cuddalore,DMK_ALLIANCE,0.9663047393163046,0.9663047393163046,9.319579326993659e-07,0.03369409050679959,9.26587221897368e-08,1.6123264679154979e-07,0.4935450493901347,0.3497618323812882,0.06531811092815284,0.05945815045107281,0.03191686463107241
155,Cuddalore,Cuddalore,DMK_ALLIANCE,0.8754902609468748,0.8754902609468748,0.010086395612587616,0.11438712809103296,2.266374977406545e-06,3.392872619224452e-05,0.45611572700242203,0.3822910932203134,0.09677822726468245,0.02743791486770609,0.03737703056152289
156,Kurinjipadi,Cuddalore,DMK_ALLIANCE,0.9999907414118449,0.9999907414118449,1.6534053594869046e-07,8.034424091001897e-06,7.404281634566387e-07,3.3745638463989233e-07,0.46144375680014493,0.4135238177453478,0.054001685239200015,0.033162012279895355,0.037868745615258645
157,Bhuvanagiri,Cuddalore,AIADMK_NDA,0.9999997695287068,6.040919017530084e-08,0.9999997695287068,2.2600215483705098e-10,1.799451345402092e-07,5.6410778416641145e-09,0.339543935097754,0.5200990915298462,0.08027949430852459,0.02614155734261582,0.03393591360870521
158,Chidambaram,Cuddalore,AIADMK_NDA,0.9999993165334066,3.266961026110015e-08,0.9999993165334066,5.418155162699445e-10,5.757496136613333e-07,6.609883592472114e-08,0.2514196934799353,0.6305937727292379,0.055956215483335354,0.022991965398781154,0.03903833852415157
159,Kattumannarkoil,Cuddalore,DMK_ALLIANCE,0.7764175963447391,0.7764175963447391,0.0243711084711126,0.13840150936644444,0.0473440842080818,0.013465716014048371,0.29905134479117806,0.5049607117970785,0.08498351436574011,0.055444446463449995,0.05555998063726596
160,Sirkazhi,Mayiladuthurai,DMK_ALLIANCE,0.7956903188799819,0.7956903188799819,0.00021285612913631718,0.20377273603325508,0.00016995843421821304,0.00015414739229169616,0.42920797194043797,0.3971575444486613,0.10449266794721931,0.0226752231691633,0.04646657981810147
161,Mayiladuthurai,Mayiladuthurai,DMK_ALLIANCE,0.8500884753834593,0.8500884753834593,0.06427487592732672,0.016366096167969565,0.0006464579060265651,0.06862410540632927,0.4611975726031233,0.40801417832262815,0.04141994864522947,0.06042767476232888,0.02894062969332845
162,Poompuhar,Mayiladuthurai,DMK_ALLIANCE,0.9908995747566223,0.9908995747566223,0.00012568166383999612,0.007518577325790755,0.00042265910991772226,0.001033525304318054,0.5231744925181071,0.32498605377142364,0.0794161104071982,0.03437342841745969,0.038049922063207
163,Nagapattinam,Nagapattinam,OTHERS,0.8000001279293604,0.11910835280448241,0.06361782134464829,0.017260302313144148,1.3395120847717764e-05,0.8000001279293604,0.30803691847249864,0.15429661859040303,0.07538434856675545,0.051673726003855336,0.4106083840394907
164,Kilvelur,Nagapattinam,DMK_ALLIANCE,0.816154746649166,0.816154746649166,0.06101638700224519,0.03184995558202706,0.0659459820149485,0.025032938315851332,0.3933114861448606,0.4116293514768283,0.04869658242484244,0.05208366532360742,0.0942789409087574
165,Vedaranyam,Nagapattinam,AIADMK_NDA,0.9989265044530232,0.0009022399845306073,0.9989265044530232,3.2292512705384216e-08,1.0610728618674137e-05,0.00016061705889520265,0.3624471195042133,0.4480700557430585,0.0517662406549789,0.03075613553325335,0.1069604439350466
166,Thiruthuraipoondi,Thiruvarur,DMK_ALLIANCE,0.9274524052937826,0.9274524052937826,0.0028096940726162942,0.0030099757356683646,0.06501024627984842,0.0017176889451167635,0.5461359838644664,0.2966080370048682,0.07091744124966984,0.041079834821478776,0.04525870126938874
167,Mannargudi,Thiruvarur,DMK_ALLIANCE,0.9342134183272719,0.9342134183272719,0.0657127595615863,4.748214387376141e-05,3.933872899835144e-06,2.2429145300229756e-05,0.43029456548392775,0.4058940004533118,0.05580439985496923,0.030199065940247277,0.07780797817796717
168,Thiruvarur,Thiruvarur,DMK_ALLIANCE,0.9291026026010514,0.9291026026010514,0.06361537748902193,0.006999314209893496,0.0002694796117779477,1.325522505206479e-05,0.4136330267414451,0.344753789764377,0.05859038560088645,0.08207438507420489,0.1009484082613684
169,Nannilam,Thiruvarur,AIADMK_NDA,0.9999972661336263,1.128328774970974e-06,0.9999972661336263,7.046509673123347e-09,1.5721091010928948e-06,2.3825573836145345e-08,0.3931172075370947,0.4444443849225839,0.06029916892778905,0.04294739440614232,0.05919184206619927
170,Thiruvidaimarudur,Thanjavur,DMK_ALLIANCE,0.9988716801007589,0.9988716801007589,2.0120063622291092e-06,0.000560378159086139,0.0005639431885488364,2.004980518245462e-06,0.5701978703339895,0.28805475315699974,0.07880590408991944,0.027604669564849853,0.035336795398567725
171,Kumbakonam,Thanjavur,DMK_ALLIANCE,0.9999757409095764,0.9999757409095764,1.1870164043860558e-07,2.038152684062085e-05,1.5810781716345587e-06,2.1758157249521174e-06,0.49843583603700004,0.3283163902602003,0.10056856840237742,0.021689626544093697,0.0509895784566955
172,Papanasam,Thanjavur,DMK_ALLIANCE,0.920605852206548,0.920605852206548,0.009854626564026293,0.06732511577857017,0.0010084044192415543,0.0012060062700750699,0.3889691486954689,0.41626182993253075,0.12066391221984911,0.027238614163491427,0.046866506989742145
173,Thiruvaiyaru,Thanjavur,DMK_ALLIANCE,0.9998538374900818,0.9998538374900818,6.680530278196444e-05,2.8013827640145437e-06,7.62350297096144e-05,3.206881929277227e-07,0.5703250000874202,0.29047815365095936,0.05635227846916256,0.027468229525622216,0.05537635204332787
174,Thanjavur,Thanjavur,DMK_ALLIANCE,0.9322299386685093,0.9322299386685093,5.5382732485034234e-08,0.06717050850154882,1.731680474080979e-07,0.0005993256582375714,0.47377923627694446,0.40878514405339955,0.06602777097641213,0.01960499947330742,0.03180285632054923
175,Orathanadu,Thanjavur,AIADMK_NDA,0.9999993721644084,3.903997796339627e-09,0.9999993721644084,1.1120979920980896e-11,6.245841136945216e-07,6.4876393119714756e-09,0.3507706637183825,0.5116563861568769,0.04258680819212112,0.036596913021157196,0.05838921921016668
176,Pattukkottai,Thanjavur,DMK_ALLIANCE,0.9705541372299195,0.9705541372299195,0.010597686150833226,0.018326148860921303,0.0001610695207434511,0.00036097517807597116,0.3705572307109833,0.4024123032887777,0.14310679929282438,0.032559322282931034,0.05136435425289297
177,Peravurani,Thanjavur,DMK_ALLIANCE,0.9314710732394208,0.9314710732394208,6.575639023292162e-07,0.06826607997312051,2.5759887022040586e-08,0.000262178818511964,0.44439518253008525,0.4118772357702255,0.07501052445111327,0.028750508841610734,0.039966550121062025
178,Gandharvakottai,Pudukkottai,DMK_ALLIANCE,0.9886152307192485,0.9886152307192485,0.0011403494822103582,0.00866190833789143,0.0015763119370292527,6.183738764332631e-06,0.42062526047229765,0.4662109786955019,0.03755762396904174,0.05140820335523225,0.024197917556796254
179,Viralimalai,Pudukkottai,AIADMK_NDA,0.9999988476435343,1.069432116840855e-06,0.9999988476435343,4.961479864681417e-11,8.529687769661595e-08,1.162999278038652e-09,0.35804445619384445,0.4302689452966054,0.06973331848033316,0.04456444258386606,0.09738881968358658
180,Pudukkottai,Pudukkottai,DMK_ALLIANCE,0.929911411801974,0.929911411801974,0.05528581450855459,0.012489043499014542,0.0022711566811957932,4.2574985834827294e-05,0.5067021250724792,0.3457825721551975,0.05712551503578046,0.032764483323565706,0.05762530167588314
181,Thirumayam,Pudukkottai,DMK_ALLIANCE,0.9355545394122601,0.9355545394122601,0.045284001464065644,2.0332056416456902e-05,0.019125561404378044,1.5574391981489483e-05,0.4891402487953504,0.3413458108901978,0.06638128479438213,0.03599053404905135,0.06714212011983882
182,Alangudi,Pudukkottai,DMK_ALLIANCE,0.9188132248818874,0.9188132248818874,0.02284233787139256,0.016165269184321415,0.04217413075040387,5.045999398902223e-06,0.5311498656868935,0.3354717617233594,0.04206523751684775,0.03305907606859364,0.058254052373211115
183,Aranthangi,Pudukkottai,DMK_ALLIANCE,0.8682706669787876,0.8682706669787876,0.0005199437251553755,0.00037252033449088957,0.1303032647561617,0.0005336004691703676,0.46661693702141444,0.39966339158515135,0.03647419532062486,0.06334079032330162,0.03390470038377013
184,Karaikudi,Sivaganga,DMK_ALLIANCE,0.8318414519230525,0.8318414519230525,0.0009892861609012602,0.00042556662348459007,0.1665191248238488,0.00022457816252771567,0.43835525299267225,0.3515680876531405,0.08232307126362078,0.06349558009100562,0.0642580090728212
185,Tiruppattur,Sivaganga,DMK_ALLIANCE,0.9535351117451986,0.9535351117451986,0.04100698367271386,0.005258865955549705,0.0001790356892045239,2.0002387685670414e-05,0.5366637408733368,0.3585444943668942,0.041302822883668946,0.026143282442353664,0.037345642289983515
186,Sivaganga,Sivaganga,AIADMK_NDA,0.9999961058298746,1.866693331287205e-06,0.9999961058298746,6.332717269494296e-10,1.998945738614594e-06,3.9504868280208736e-08,0.3352133979399999,0.4801991825302442,0.04377559493974938,0.07164022505749017,0.0691715969522799
187,Manamadurai,Sivaganga,DMK_ALLIANCE,0.9428322752316792,0.9428322752316792,0.006697178402826102,0.049625542052001224,0.0007219237369668334,0.00012310200313792074,0.40033078429599606,0.4539380682892746,0.08300096178299252,0.03003468045455411,0.03269551376776907
188,Melur,Madurai,AIADMK_NDA,0.9999999205271403,1.7469103231151204e-08,0.9999999205271403,5.478642752870372e-09,2.539480461408339e-09,5.804007447878475e-08,0.3512700433532397,0.44427592158317564,0.061110309711754476,0.08139731369731938,0.061946428951369134
189,Madurai East,Madurai,DMK_ALLIANCE,0.9900615334510803,0.9900615334510803,7.615322080620588e-07,6.050686905233194e-06,2.835824201176331e-07,0.009931380704208174,0.5485045631726583,0.3425211164285429,0.032035845314146626,0.03714050128464403,0.039797981456931954
190,Sholavandan,Madurai,DMK_ALLIANCE,0.7363639552223806,0.7363639552223806,5.949719388878659e-05,0.2634306094561375,7.173244894008064e-05,7.422670033569691e-05,0.49764053598046304,0.3930723614107895,0.06591549023675422,0.024382787452861324,0.018988802598202407
191,Madurai North,Madurai,DMK_ALLIANCE,0.9368139070769151,0.9368139070769151,2.1722945023233102e-05,0.0003058693025732754,3.9870722727386085e-05,0.06281862944138426,0.4629050930341085,0.3890760699287057,0.09113682446283443,0.028354872649535602,0.028527132675283506
192,Madurai South,Madurai,DMK_ALLIANCE,0.9315258158370853,0.9315258158370853,0.0004856054006609452,0.04682070751061002,5.989201844499587e-06,0.021161881777789417,0.4005697131156921,0.48729228201167035,0.049161989585505474,0.03594940511039731,0.0270265870049067
193,Madurai Central,Madurai,DMK_ALLIANCE,0.9906227270762126,0.9906227270762126,7.211243297532269e-05,4.9262697208699855e-05,1.1392496093548816e-07,0.009255784975041249,0.5455456296602885,0.35049965204671024,0.033561950921262,0.03225873698618287,0.03813404931685646
194,Madurai West,Madurai,AIADMK_NDA,0.9999999364217123,1.3915064785538417e-09,0.9999999364217123,1.338232267000618e-11,6.157333510778124e-08,4.132935596485369e-09,0.3689788551380237,0.49478069245815276,0.05698904930371403,0.028277558154013605,0.050973821104453046
195,Thiruparankundram,Madurai,AIADMK_NDA,0.999997599919637,1.74367311682708e-06,0.999997599919637,5.968283981955304e-10,6.393768552442333e-07,2.20850910617809e-08,0.33199315460709233,0.48486142257849374,0.0555603981032012,0.04711263607842208,0.08047240648802471
196,Thirumangalam,Madurai,AIADMK_NDA,0.9999983708063761,1.8613821528343157e-09,0.9999983708063761,1.3982855601617463e-11,1.6302218506732406e-06,8.892402285538184e-10,0.3729553401470184,0.46976381838321685,0.06414346704259515,0.04306529764830884,0.05007208071717741
197,Usilampatti,Madurai,AIADMK_NDA,0.9999999443689982,9.614707845525925e-09,0.9999999443689982,1.1876626474797022e-10,4.9568723297881714e-08,3.725647223093014e-09,0.36673476453870535,0.48699511513113974,0.05917708174320069,0.036099902138039396,0.050993148776857865
198,Andipatti,Theni,DMK_ALLIANCE,0.9988175551096599,0.9988175551096599,0.00014145600883069983,0.00044123552840059053,0.0002422253941828493,0.0003575242932225885,0.47179963315526646,0.35574277366201085,0.10952732373649875,0.029364728899616922,0.033565549990263815
199,Periyakulam,Theni,DMK_ALLIANCE,0.894224117944638,0.894224117944638,8.549341705189362e-05,0.10559577576438549,1.3536985586220819e-06,9.327961317212115e-05,0.5398356686035792,0.3158845492716258,0.08137310840732728,0.03530074909193364,0.027605919564416583
200,Bodinayakanur,Theni,AIADMK_NDA,0.9999929348627726,1.4200390290032145e-06,0.9999929348627726,1.8019399096498346e-11,5.634898971470515e-06,2.597662195418512e-08,0.41495871941248574,0.43793720306518175,0.06569070523255505,0.03900368758419669,0.04240970390829565
201,Cumbum,Theni,DMK_ALLIANCE,0.9998553196589152,0.9998553196589152,6.295553448412972e-05,6.359850352220491e-05,7.955614222926751e-06,1.0188854311373298e-05,0.5111617028713227,0.36301628689592086,0.06781603987134682,0.027534426578328445,0.030471569771215932
202,Rajapalayam,Virudhunagar,DMK_ALLIANCE,0.9965763807296752,0.9965763807296752,0.0004474104372743342,0.0029662767019748735,6.915370692049958e-06,3.023725075559367e-06,0.3821552599857872,0.48108750333388645,0.07097983355003332,0.04131895740194018,0.024458438461702748
203,Srivilliputhur,Virudhunagar,AIADMK_NDA,0.9998600165049235,0.0001242583308971322,0.9998600165049235,1.5155389341722683e-05,6.724842566483411e-08,5.01481411518808e-07,0.2972142554819584,0.5224858820438385,0.09443471323950993,0.030294628890063298,0.05557050965802167
204,Sattur,Virudhunagar,DMK_ALLIANCE,0.9577961126963298,0.9577961126963298,0.007714329765166267,0.03446680285381434,6.031856046170412e-06,1.6735229052569604e-05,0.4188975783685843,0.4633640371418248,0.05793507695539972,0.03278846216296009,0.027014834242491337
205,Sivakasi,Virudhunagar,DMK_ALLIANCE,0.9316924287627141,0.9316924287627141,0.0033281388904830476,0.0006252203055318438,0.06431263253742155,4.158857549504328e-05,0.4806352734565735,0.36320345498776685,0.06821537060895935,0.044431937781869615,0.043513961374977345
206,Virudhunagar,Virudhunagar,DMK_ALLIANCE,0.9999967018763224,0.9999967018763224,2.1740838517985404e-06,4.568777646889382e-07,2.932444856309306e-08,6.267623758053934e-07,0.43959727219771594,0.42740866045157117,0.05368046203505704,0.033497568563386884,0.04581603997062314
207,Aruppukkottai,Virudhunagar,DMK_ALLIANCE,0.9853657881418864,0.9853657881418864,0.0005578857093405589,0.014073159374354516,4.7012532656364857e-07,2.7046339348894227e-06,0.47347916873792806,0.4099726284543673,0.056443625721658466,0.03488572444328762,0.025218852205367407
208,Tiruchuli,Virudhunagar,DMK_ALLIANCE,0.9903718988100688,0.9903718988100688,0.001400297953620149,0.008212509226066466,3.775774411967539e-06,1.1523505565986153e-05,0.5562182982762655,0.3299184773117304,0.057750176177129714,0.032305498801527395,0.023807550109112677
209,Paramakudi,Ramanathapuram,DMK_ALLIANCE,0.9094111279274026,0.9094111279274026,0.0011722125671626454,0.08928844163488135,8.096851391825939e-05,4.726100072232713e-05,0.5090772125869989,0.3012598604274293,0.11958339373377384,0.03164536031879856,0.03843418135402317
210,Tiruvadanai,Ramanathapuram,DMK_ALLIANCE,0.9512956817944844,0.9512956817944844,0.004063729120606844,0.04068366899417211,0.0024631025574617747,0.0014938199117054502,0.5010772610704104,0.34840908646583557,0.038141211001978564,0.06193822781967621,0.05043422888093119
211,Ramanathapuram,Ramanathapuram,DMK_ALLIANCE,0.9528832534948984,0.9528832534948984,8.359763744261665e-06,0.0001597553280033032,0.03566760150196075,0.011281035567947737,0.42821855122844377,0.3853332402805487,0.08137424239733566,0.04400974488348102,0.0610642026155638
212,Mudhukulathur,Ramanathapuram,DMK_ALLIANCE,0.8931498870253562,0.8931498870253562,0.001847057011318503,0.0027729990540177104,0.10120710566329535,0.0010229471308058164,0.39599355931083363,0.40217458085950664,0.09808652628515423,0.04279408698214482,0.060951227396321646
213,Vilathikulam,Thoothukudi,DMK_ALLIANCE,0.863385151095766,0.863385151095766,0.00011717442279062404,0.026815563586490114,0.06663465307797535,0.043047469341619474,0.4517873165508111,0.40945209706703733,0.05824169728394584,0.0320445556253784,0.04847431500948005
214,Thoothukkudi,Thoothukudi,DMK_ALLIANCE,0.9706988533337911,0.9706988533337911,0.00041563188007596715,0.02887778657839445,3.7590389398998224e-06,3.970004599707539e-06,0.4881334831317266,0.41461610864207615,0.048110727169387246,0.023761167298427387,0.025378499211545127
215,Tiruchendur,Thoothukudi,DMK_ALLIANCE,0.9608704805374145,0.9608704805374145,0.008520973941685637,0.03058047198787636,1.0025130893174942e-05,1.804571667373619e-05,0.5117925008138021,0.38250010003636514,0.051795416416337045,0.02670477876461875,0.02720721776118656
216,Srivaikuntam,Thoothukudi,DMK_ALLIANCE,0.8592453223963579,0.8592453223963579,0.00430783035546616,0.07406738986224676,0.013222908693761127,0.04915655022484933,0.45066972027222313,0.3857247847733864,0.047704325489758045,0.04548415323629721,0.07041700614688816
217,Ottapidaram,Thoothukudi,DMK_ALLIANCE,0.8691724468022585,0.8691724468022585,0.0002725350849160595,0.12969065827478932,0.0006447511491061039,0.0002196239597325325,0.47032554348309835,0.32706934142098304,0.09932068927698007,0.03909338652470123,0.06419104423838139
218,Kovilpatti,Thoothukudi,AIADMK_NDA,0.998626156648,0.0011221380530433615,0.998626156648,7.437870086306182e-06,0.00023967104564703317,4.614603860530694e-06,0.27040507408479847,0.5146780021799108,0.042515423335013715,0.025373307783639613,0.1470282130543192
219,Sankarankovil,Tenkasi,DMK_ALLIANCE,0.8654071738322576,0.8654071738322576,0.030052417934810807,0.10339307073589041,0.0010976682206970984,4.967701770080612e-05,0.5033635387818018,0.29734383126099906,0.13295033237664028,0.03581525030331249,0.030527066115850706
220,Vasudevanallur,Tenkasi,DMK_ALLIANCE,0.9012870013713836,0.9012870013713836,0.012145606640562225,0.07993954613492713,0.006561377032405459,6.645953014831598e-05,0.5061929692824682,0.269114577259946,0.11607248956473389,0.05987026634735836,0.048749672831489003
221,Kadayanallur,Tenkasi,AIADMK_NDA,0.9556721945603689,0.003901213993528602,0.9556721945603689,0.04025359652491372,3.72299267113332e-05,0.00013575972733885654,0.3602846645905326,0.48367881079514824,0.05318329404725735,0.05310751053739295,0.04974571210780899
222,Tenkasi,Tenkasi,DMK_ALLIANCE,0.8755070060491562,0.8755070060491562,0.05654303699129244,0.06428005427354415,0.0025034896363918414,0.0011664137558409292,0.38042349765698114,0.4490903909007708,0.05586610743775964,0.0481690747042497,0.06645089632156669
223,Alangulam,Tenkasi,AIADMK_NDA,0.9999812801678976,1.8624778215587054e-05,0.9999812801678976,4.2995819478909433e-10,7.485676954826958e-08,1.3202831446349626e-08,0.30672768627603847,0.513902771472931,0.05442397347875764,0.05601852458203212,0.06892705790107054
224,Tirunelveli,Tirunelveli,AIADMK_NDA,0.9999728997548422,1.4861901046789933e-07,0.9999728997548422,4.8939448712842485e-09,2.5282750144549192e-05,1.6509811310072741e-06,0.32628970767060916,0.48420845124249656,0.04042124729100275,0.0696936136855579,0.07938699013241907
225,Ambasamudram,Tirunelveli,AIADMK_NDA,0.9999990065892538,7.301289619592178e-08,0.9999990065892538,3.8879169625707725e-10,9.176048683727589e-07,6.136365166210734e-09,0.4266293009122213,0.4400139719247818,0.04962490782082417,0.03767062029462049,0.04606119830196558
226,Palayamkottai,Tirunelveli,DMK_ALLIANCE,0.9257355731012266,0.9257355731012266,1.9511169720808486e-05,0.00015339936436423597,0.07408974707667462,1.7744090928740858e-06,0.34506359851608676,0.5084416588147481,0.03875120971789935,0.07690051596227336,0.030843012424793415
227,Nanguneri,Tirunelveli,NTK,0.7999971442351428,0.16040566033682993,0.00027246432121266745,0.0392808961167091,0.7999971442351428,4.383681298743896e-05,0.24215908509989578,0.30255107264965775,0.05326385880471207,0.3910270884633064,0.010998913246839947
228,Radhapuram,Tirunelveli,DMK_ALLIANCE,0.805112888510727,0.805112888510727,0.009243821083907177,0.0018933369793890024,0.1837383286495572,1.1651995802765997e-05,0.44027639654232187,0.4077372557173173,0.045383749277372466,0.05786407196053934,0.048738513469379956
229,Kanniyakumari,Kanniyakumari,AIADMK_NDA,0.9999992609024048,3.0847354278293256e-07,0.9999992609024048,5.146328108622337e-13,4.43203406992848e-07,3.8333012715147985e-09,0.355254332224528,0.5251369794209798,0.05480242335688672,0.03162905337998344,0.03317723526060945
230,Nagercoil,Kanniyakumari,AIADMK_NDA,0.9991406798362732,0.0008569114051802724,0.9991406798362732,2.6128398341066078e-09,2.243146494555823e-06,1.5577578451169227e-07,0.4090925338367621,0.4260984094037364,0.06580724480372738,0.03951703822688917,0.05948474257778192
231,Colachal,Kanniyakumari,DMK_ALLIANCE,0.9360962023337682,0.9360962023337682,0.0013723457821482555,0.0009629320119099772,0.05850205133670439,0.003066493633629,0.501092558602492,0.29108354027072586,0.10668239050695168,0.05585110025325169,0.045290389171016916
232,Padmanabhapuram,Kanniyakumari,DMK_ALLIANCE,0.9993706146876017,0.9993706146876017,0.0006204492157367712,5.097454116445364e-07,6.738842537166032e-06,1.6991616702067318e-06,0.49350710411866505,0.3823372113673637,0.045143674953821274,0.043239463865756986,0.0357725332013312
233,Vilavancode,Kanniyakumari,DMK_ALLIANCE,0.9345558295647304,0.9345558295647304,0.0009699988273501832,0.00024889160319426244,0.06098287190459242,0.0032424148668057677,0.5084126537044843,0.28640842345387985,0.10485784043194143,0.05740102733434469,0.042920059625187905
234,Killiyoor,Kanniyakumari,DMK_ALLIANCE,0.9264431375854959,0.9264431375854959,0.004304643567750445,0.0001298433897868888,0.06832523439507983,0.0007971350957788336,0.5013869121670723,0.32480547154943146,0.07448158138367944,0.06421578116460296,0.035110256922295476
